review_id,user_id,location_id,reviews,ratings
1,41,8,"Absolutely breathtaking panoramic views of the snow-capped peaks and a truly serene atmosphere. It felt like a complete escape from the everyday hustle and bustle, allowing for deep relaxation and connection with nature.",5
2,16,15,"The coastline was okay, nothing to particularly write home about. The sand was a bit rough, and there were some areas with noticeable litter. It served its purpose for a quick stroll, but didn't leave a lasting impression.",3
3,44,48,"A truly profound spiritual experience. The air hummed with a palpable sense of peace and history within the monastery walls. Engaging with the monks and the ancient scriptures left a lasting feeling of tranquility and introspection.",5
4,38,28,"The offbeat trails, while promising a secluded adventure, were unfortunately quite overgrown and poorly maintained. Navigation was challenging, and we encountered a significant amount of thorny bushes, making for a less enjoyable hike than anticipated.",2
5,14,15,"Loved the quiet stretches of beaches and the soothing sound of the waves crashing gently against the shore. It was a fantastic coastal getaway, offering a much-needed respite and a chance to truly unwind away from the usual tourist crowds.",4
6,36,13,"A charming little town with a quaint atmosphere, but unfortunately, there wasn't a great deal to occupy our time. We enjoyed a leisurely walk through the streets, but found ourselves looking for more activities or attractions after just a few hours.",3
7,15,29,"The natural beauty of this place is simply captivating and incredibly peaceful. The untouched landscapes and the gentle sounds of nature created a truly immersive and calming experience. It felt like stepping into a different world, far removed from any stress.",5
8,49,52,"The trek was undeniably challenging, demanding a good level of fitness, but the reward at the summit with the breathtaking panoramic vistas made every step worthwhile. The sense of accomplishment combined with the stunning scenery created an unforgettable experience.",5
9,22,18,"The island was alright, providing some nice views, but it felt a bit crowded, especially during peak hours. The facilities were adequate, but the overall experience was somewhat diminished by the sheer number of other tourists.",3
10,7,6,"Felt a deep and profound sense of peace and tranquility wash over me in this spiritual place. The serene surroundings and the gentle chanting created an atmosphere conducive to reflection and inner calm. It was a truly restorative experience for the soul.",4
11,23,39,"Exploring the historical sites was quite interesting, offering a glimpse into the region's past and the stories held within the ancient stones. While some areas could benefit from better preservation, the overall experience was educational and thought-provoking.",4
12,47,30,"The unique and somewhat otherworldly landscape was definitely worth the visit. The unusual geological formations and the stark beauty of the area provided a memorable backdrop for exploration and photography. It's a place unlike any other I've seen.",4
13,6,36,"The waterfalls themselves were quite majestic and impressive, but unfortunately, the surrounding area was marred by a significant amount of litter and a general lack of cleanliness. It detracted from the natural beauty and made the overall experience less enjoyable.",2
14,37,13,"A decent spot for a short break from the city. It offered a change of scenery and a slower pace, but didn't have any particularly outstanding features that would make it a must-visit destination. It served its purpose for a quick escape.",3
15,43,15,"Enjoyed the laid-back and relaxed vibe of the coastal area, along with the pleasant coastal scenery. The beaches were inviting, and the local atmosphere was welcoming. It was a comfortable and enjoyable place to spend a few days unwinding.",4
16,15,7,"The spiritual energy of this place was almost palpable upon arrival. The atmosphere was thick with a sense of history and devotion, creating a powerful and moving experience. It's a place that resonates deeply on an emotional and spiritual level.",5
17,41,54,"The trekking in this region is absolutely fantastic, with well-maintained trails leading to stunning and expansive mountain views at almost every turn. The fresh mountain air and the breathtaking scenery made for an invigorating and unforgettable adventure.",5
18,23,14,"A good and quiet place to unwind and reconnect with the natural surroundings. The peaceful ambiance and the absence of large crowds made it an ideal spot for relaxation and enjoying the simple beauty of the landscape.",4
19,39,41,"The wildlife encounters in this area were truly incredible and exceeded my expectations. Seeing the animals in their natural habitat was a privilege and a highlight of the trip. The guides were knowledgeable and respectful of the environment.",5
20,11,30,"The local culture was quite interesting to observe and learn about. The traditions and customs were unique and provided a fascinating insight into the way of life in this region. Engaging with the local community added a rich layer to the travel experience.",4
21,44,21,"The rolling hills covered in lush tea estates were incredibly beautiful and picturesque. The vibrant green landscapes and the aroma of fresh tea created a sensory delight. It was a truly tranquil and visually stunning area to explore.",4
22,15,53,"The island's natural beauty was truly captivating, with pristine beaches, crystal-clear waters, and lush vegetation. It felt like a hidden gem, offering a sense of escape and tranquility that is hard to find in more developed destinations.",5
23,26,18,"A perfect and serene spot to relax by the water and enjoy the gentle coastal breeze. The sunsets were particularly beautiful, painting the sky with vibrant colors. It was an ideal place for quiet contemplation and relaxation.",4
24,14,42,"The ancient carvings were absolutely awe-inspiring, showcasing incredible artistry and intricate detail from a bygone era. The sheer scale and historical significance of these works were truly captivating and left a lasting impression of human creativity.",5
25,10,17,"The trails winding through the dense forests were incredibly peaceful and offered a welcome escape into nature. The dappled sunlight filtering through the leaves and the sounds of birdsong created a calming and rejuvenating atmosphere for a leisurely hike.",4
26,48,38,"The crater lake was a truly unique and fascinating geological sight. Its unusual formation and the surrounding landscape made for an interesting and somewhat surreal experience. It's a place that sparks curiosity and wonder about the natural world.",4
27,24,15,"Enjoyed the overall peaceful and calm atmosphere of this coastal location. It was a welcome change from the noise and stress of city life, offering a chance to slow down and appreciate the simple pleasures of the seaside.",4
28,33,32,"The historical ruins, while showing their age, possessed a unique and evocative charm, hinting at the stories and lives of those who came before. Wandering through the remnants of the past sparked the imagination and provided a tangible connection to history.",4
29,8,10,"The temples in this area were not only beautiful in their architecture and design but also radiated a strong sense of history and devotion. The intricate details and the peaceful ambiance made them a significant part of the cultural landscape.",4
30,39,5,"The high-altitude landscapes were dramatic, rugged, and utterly unforgettable. The sheer scale of the mountains and the vastness of the open spaces created a sense of awe and wonder. It was a truly breathtaking and humbling experience.",5
31,34,17,"A wonderful and invigorating place to hike and immerse oneself in the beauty of nature. The well-maintained trails and the stunning scenery made for a truly enjoyable and refreshing outdoor adventure.",5
32,44,47,"The monasteries perched high on the hillsides were incredibly serene and offered breathtaking panoramic views of the surrounding valleys. The sense of peace and tranquility within their walls was truly remarkable.",4
33,50,42,"Exploring the ancient site was a fascinating journey back in time, allowing us to witness the grandeur and artistry of a bygone civilization. The historical significance and the architectural marvels made for a truly enriching experience.",4
34,28,11,"The natural beauty of the valley was absolutely stunning, with lush greenery, cascading waterfalls, and a sense of unspoiled wilderness. It was a perfect escape for those seeking tranquility and a connection with nature.",5
35,33,49,"The unique and vibrant culture of this region was incredibly interesting and enriching to experience. The traditions, customs, and local way of life provided a fascinating contrast to our own, broadening our understanding of the world.",4
36,41,20,"The lush greenery and the refreshing waterfalls created a tranquil and rejuvenating atmosphere. It was a perfect place to escape the heat and enjoy the beauty and serenity of the natural environment.",4
37,10,24,"The offbeat trails offered a sense of adventure and discovery, leading us to hidden gems and breathtaking viewpoints. It was a chance to explore the less-traveled paths and experience the region's unspoiled beauty.",4
38,39,21,"The diverse flora and fauna in this region were truly impressive and captivating. The rich biodiversity and the opportunity to witness wildlife in its natural habitat made for a memorable and educational experience.",4
39,24,54,"The crisp and invigorating mountain air, combined with the stunning scenery, created a sense of exhilaration and awe. The panoramic views and the feeling of being on top of the world were truly unforgettable.",4
40,4,16,"The beaches were pristine, with soft white sand and crystal-clear waters, providing a perfect setting for relaxation and enjoying the beauty of the coastline. It was a true paradise for beach lovers and those seeking a tranquil escape.",5
41,6,47,"The spiritual ambiance of the monasteries was incredibly calming and peaceful, offering a respite from the stresses of daily life. The serene surroundings and the atmosphere of devotion created a sense of inner peace and reflection.",4
42,49,35,"The dense and verdant forests were full of natural beauty, with towering trees, vibrant foliage, and a sense of unspoiled wilderness. Hiking through these forests was a rejuvenating and immersive experience in nature.",4
43,43,31,"The local architecture was unique and distinctive, reflecting the region's history and cultural influences. The intricate details and the traditional designs added to the charm and character of the area.",4
44,17,34,"The unique geological formation was definitely worth seeing, showcasing the power and artistry of nature. Its unusual shape and the surrounding landscape created a fascinating and memorable sight.",4
45,14,35,"The dense forests and cascading waterfalls were a true treat for nature lovers, offering a chance to explore the unspoiled beauty of the region. The sounds of the rushing water and the fresh forest air were incredibly refreshing.",4
46,46,20,"A tranquil and serene spot surrounded by beautiful natural landscapes, providing a perfect escape for those seeking peace and quiet. The absence of crowds and the calming ambiance allowed for true relaxation and rejuvenation.",4
47,29,34,"Exploring this natural wonder was a definite highlight of the trip, leaving us in awe of its beauty and grandeur. The unique features and the unspoiled surroundings created an unforgettable experience.",5
48,15,5,"The high mountain passes offered incredible panoramic views, showcasing the majestic beauty of the mountain range. The sense of accomplishment and the breathtaking scenery made for an unforgettable adventure.",5
49,38,15,"A relaxing and enjoyable coastal getaway, offering a chance to unwind and soak up the sun. The gentle waves and the sandy beaches provided a perfect setting for relaxation and rejuvenation.",4
50,15,5,"The sheer scale and grandeur of the mountains were truly humbling, reminding us of the power and beauty of nature. The vastness of the landscape and the sense of awe it inspired were unforgettable.",51,5,33,"The historical architecture was impressive and well-preserved, showcasing the craftsmanship and artistry of a bygone era. Exploring these sites offered a glimpse into the region's rich history and cultural heritage.",4
52,14,35,"The natural beauty and tranquility of the forests were incredibly rejuvenating, providing a welcome escape from the stresses of modern life. The peaceful ambiance and the fresh air allowed for true relaxation and renewal.",4
53,16,51,"The island felt remote and secluded, offering a true sense of escape from the crowds and the hustle and bustle of everyday life. The isolation and the natural beauty created a peaceful and tranquil environment.",4
54,13,7,"The peaceful and serene atmosphere of the ashram was incredibly welcome, providing a sanctuary for reflection and inner peace. The spiritual practices and the tranquil surroundings allowed for a deep sense of calm and rejuvenation.",4
55,23,28,"The well-maintained hiking trails offered stunning views of the surrounding valleys and mountains, providing a rewarding and invigorating outdoor experience. The panoramic vistas and the sense of accomplishment made for a memorable adventure.",5
56,44,42,"The intricate carvings and historical significance of this site were truly captivating, showcasing the artistry and cultural heritage of the region. Exploring these ancient works was a fascinating journey into the past.",5
57,4,26,"The beaches were clean, well-maintained, and offered a perfect setting for sunbathing, swimming, and enjoying the coastal scenery. The clear waters and the soft sand made for a relaxing and enjoyable beach experience.",4
58,16,13,"A charming and picturesque town with a friendly local vibe, offering a pleasant and relaxing atmosphere for a visit. The quaint streets and the welcoming community created a warm and inviting experience.",4
59,9,28,"The natural scenery was incredibly peaceful and serene, providing a perfect escape for those seeking tranquility and relaxation. The absence of crowds and the beauty of the surroundings allowed for a truly rejuvenating experience.",4
60,16,5,"The vastness and majesty of the mountains were truly humbling, inspiring a sense of awe and wonder. The panoramic views and the feeling of being surrounded by nature's grandeur were unforgettable.",5
61,4,42,"Exploring the ancient temples was a fascinating and enriching experience, offering a glimpse into the region's history and spiritual traditions. The intricate architecture and the serene atmosphere created a sense of reverence and wonder.",4
62,6,49,"The spiritual energy of the place was palpable, creating a powerful and moving experience. The atmosphere of devotion and the sense of history made for a truly impactful visit.",4
63,27,32,"The historical sites offered a valuable glimpse into the region's past, providing insights into the lives and cultures of those who came before. Exploring these remnants of history was both educational and thought-provoking.",4
64,4,11,"The valley was incredibly scenic and peaceful, with lush vegetation, flowing rivers, and a sense of unspoiled beauty. It was a perfect place to escape the city and reconnect with nature.",4
65,17,51,"The remote and secluded island offered a true sense of tranquility and escape, allowing visitors to disconnect from the stresses of modern life. The isolation and the natural beauty created a peaceful and rejuvenating environment.",4
66,28,45,"The natural beauty of the rolling hills was incredibly calming and serene, providing a peaceful escape from the hustle and bustle of everyday life. The gentle slopes and the verdant landscapes created a sense of tranquility.",4
67,10,13,"A pleasant and charming town, perfect for a short and relaxing visit, offering a change of pace and a chance to unwind. The friendly locals and the quaint atmosphere made for a comfortable and enjoyable stay.",4
68,38,48,"The unique geological feature was definitely worth seeing, showcasing the wonders and diversity of the natural world. Its unusual formation and the surrounding landscape created a memorable and educational experience.",4
69,4,4,"The mountain views were absolutely stunning, offering panoramic vistas of snow-capped peaks and verdant valleys. The sheer beauty of the landscape was breathtaking and unforgettable.",5
70,4,33,"The historical significance of the site was very interesting and educational, providing valuable insights into the region's past. Exploring these ancient ruins was a journey back in time and a chance to learn about the people who once lived there.",4
71,5,39,"The wildlife encounters in the buffer zone were truly memorable, offering a chance to witness animals in their natural habitat. The guides were knowledgeable and respectful of the environment, ensuring a responsible and enriching experience.",5
72,26,8,"The serene and peaceful atmosphere of this location was incredibly captivating, allowing for true relaxation and rejuvenation. The natural beauty and the sense of tranquility created a perfect escape from the stresses of everyday life.",4
73,38,39,"The diverse ecosystem of the region was fascinating to explore, showcasing the rich biodiversity and the interconnectedness of nature. The opportunity to observe different species in their natural environment was both educational and inspiring.",4
74,27,43,"The ancient rock carvings were a testament to the region's rich history and cultural heritage, offering a glimpse into the artistry and beliefs of past civilizations. Exploring these intricate works was a journey into the past.",4
75,17,14,"The natural beauty and peacefulness of this area made for a truly great escape from the city. The tranquil surroundings and the opportunity to reconnect with nature were incredibly refreshing and rejuvenating.",4
76,3,22,"The beach was quite dirty and overcrowded, making it difficult to enjoy the natural beauty. There was a lot of litter, and the noise from the crowds detracted from any sense of peace or relaxation. I would not recommend visiting this beach.",1
77,19,31,"Found the local customs and traditions a bit strange and unfamiliar, which made it challenging to fully connect with the culture. While I appreciate learning about different ways of life, I felt a bit out of place and uncomfortable at times.",3
78,45,50,"The trek was poorly marked and we got lost for a significant amount of time, which was both frustrating and potentially dangerous. The lack of clear signage and the confusing trails made for a very negative experience. I would not recommend this trek.",1
79,21,2,"The coastal area was heavily commercialized, with a lot of development and tourist traps. It lacked the natural charm and authenticity I was hoping for, feeling more like a shopping mall than a seaside escape.",2
80,12,40,"The spiritual retreat felt more like a tourist trap, with a focus on selling